"STATION","NAME","LATITUDE","LONGITUDE","ELEVATION","DATE","AWND","PGTM","PRCP","SNOW","SNWD","TAVG","TMAX","TMIN","WDF2","WDF5","WSF2","WSF5"
"USW00024233","SEATTLE TACOMA AIRPORT, WA US","47.44467","-122.31442","112.5","2024-01-01","1.2",,"0.0","0.0","0.0","4.9","8.3","1.1","  110","   70","3.1","6.3"
"USW00024233","SEATTLE TACOMA AIRPORT, WA US","47.44467","-122.31442","112.5","2024-01-02","1.7",,"6.1","0.0","0.0","5.4","8.3","3.3","  100","   60","7.2","10.7"
"USW00024233","SEATTLE TACOMA AIRPORT, WA US","47.44467","-122.31442","112.5","2024-01-03","3.3",,"2.5","0.0","0.0","7.2","10.0","5.0","  190","  200","6.7","9.8"
"USW00024233","SEATTLE TACOMA AIRPORT, WA US","47.44467","-122.31442","112.5","2024-01-04","2.6",,"3.6","0.0","0.0","7.2","7.8","5.0","  220","  220","6.3","8.1"
"USW00024233","SEATTLE TACOMA AIRPORT, WA US","47.44467","-122.31442","112.5","2024-01-05","6.1",,"5.8","0.0","0.0","6.6","8.3","4.4","  180","  190","10.3","13.9"
"USW00024233","SEATTLE TACOMA AIRPORT, WA US","47.44467","-122.31442","112.5","2024-01-06","2.7",,"10.7","0.0","0.0","6.1","6.7","2.2","   10","  220","8.9","13.9"
"USW00024233","SEATTLE TACOMA AIRPORT, WA US","47.44467","-122.31442","112.5","2024-01-07","0.9",,"2.8","0.0","0.0","3.8","5.0","2.2","  140","   70","4.0","5.8"
"USW00024233","SEATTLE TACOMA AIRPORT, WA US","47.44467","-122.31442","112.5","2024-01-08","4.4",,"18.8","0.0","0.0","3.7","9.4","2.8","  180","  180","13.4","18.3"
"USW00024233","SEATTLE TACOMA AIRPORT, WA US","47.44467","-122.31442","112.5","2024-01-09","9.2",,"6.9","0.0","0.0","6.6","8.9","2.8","  230","  220","15.7","23.3"
"USW00024233","SEATTLE TACOMA AIRPORT, WA US","47.44467","-122.31442","112.5","2024-01-10","3.4",,"0.8","0.0","0.0","3.6","5.0","1.7","  220","  190","8.9","11.2"
"USW00024233","SEATTLE TACOMA AIRPORT, WA US","47.44467","-122.31442","112.5","2024-01-11","4.7",,"0.0","0.0","0.0","3.6","7.2","-3.8","  250","  320","10.3","14.8"
"USW00024233","SEATTLE TACOMA AIRPORT, WA US","47.44467","-122.31442","112.5","2024-01-12","6.1",,"0.0","0.0","0.0","-4.1","-3.8","-9.3","  350","  360","9.8","13.4"
"USW00024233","SEATTLE TACOMA AIRPORT, WA US","47.44467","-122.31442","112.5","2024-01-13","5.1",,"0.0","0.0","0.0","-8.1","-5.5","-9.3","   80","   80","9.8","14.3"
"USW00024233","SEATTLE TACOMA AIRPORT, WA US","47.44467","-122.31442","112.5","2024-01-14","2.7",,"0.0","0.0","0.0","-5.6","-0.5","-7.1","   90","  100","5.4","6.3"
"USW00024233","SEATTLE TACOMA AIRPORT, WA US","47.44467","-122.31442","112.5","2024-01-15","3.8",,"0.0","0.0","0.0","-2.7","3.3","-6.0","  100","  100","6.7","9.4"
"USW00024233","SEATTLE TACOMA AIRPORT, WA US","47.44467","-122.31442","112.5","2024-01-16","2.6",,"1.8","0.0","0.0","-1.1","2.2","-5.5","  110","  100","5.8","8.1"
"USW00024233","SEATTLE TACOMA AIRPORT, WA US","47.44467","-122.31442","112.5","2024-01-17","3.3",,"7.1","0.0","0.0","0.8","4.4","-1.0","   30","   20","8.1","9.8"
"USW00024233","SEATTLE TACOMA AIRPORT, WA US","47.44467","-122.31442","112.5","2024-01-18","5.1",,"9.7","0.0","0.0","2.4","3.9","1.1","  100","  120","9.8","13.4"
"USW00024233","SEATTLE TACOMA AIRPORT, WA US","47.44467","-122.31442","112.5","2024-01-19","3.6",,"0.5","0.0","0.0","4.2","8.3","2.8","   90","   80","9.4","12.1"
"USW00024233","SEATTLE TACOMA AIRPORT, WA US","47.44467","-122.31442","112.5","2024-01-20","2.5",,"6.6","0.0","0.0","5.2","10.6","1.7","  110","   90","7.2","9.4"
"USW00024233","SEATTLE TACOMA AIRPORT, WA US","47.44467","-122.31442","112.5","2024-01-21","4.0",,"11.7","0.0","0.0","6.7","8.9","5.6","  100","  110","7.2","10.7"
"USW00024233","SEATTLE TACOMA AIRPORT, WA US","47.44467","-122.31442","112.5","2024-01-22","3.5",,"10.9","0.0","0.0","7.9","10.6","6.7","  180","  170","7.6","10.7"
"USW00024233","SEATTLE TACOMA AIRPORT, WA US","47.44467","-122.31442","112.5","2024-01-23","3.7",,"0.3","0.0","0.0","9.1","11.1","6.1","  210","  220","7.2","9.8"
"USW00024233","SEATTLE TACOMA AIRPORT, WA US","47.44467","-122.31442","112.5","2024-01-24","3.9",,"10.2","0.0","0.0","7.8","10.6","6.1","  150","  150","8.1","12.1"
"USW00024233","SEATTLE TACOMA AIRPORT, WA US","47.44467","-122.31442","112.5","2024-01-25","3.8",,"4.3","0.0","0.0","7.9","10.6","5.6","  150","  120","6.7","9.8"
"USW00024233","SEATTLE TACOMA AIRPORT, WA US","47.44467","-122.31442","112.5","2024-01-26","2.3",,"9.7","0.0","0.0","8.9","11.7","6.7","  110","  130","6.7","11.2"
"USW00024233","SEATTLE TACOMA AIRPORT, WA US","47.44467","-122.31442","112.5","2024-01-27","3.9",,"18.3","0.0","0.0","9.8","13.9","8.9","  110","  120","6.7","9.4"
"USW00024233","SEATTLE TACOMA AIRPORT, WA US","47.44467","-122.31442","112.5","2024-01-28","3.2",,"13.2","0.0","0.0","12.8","16.1","10.6","  120","  140","6.7","9.8"
"USW00024233","SEATTLE TACOMA AIRPORT, WA US","47.44467","-122.31442","112.5","2024-01-29","2.5",,"0.0","0.0","0.0","14.1","16.1","10.6","  120","  130","7.2","9.4"
"USW00024233","SEATTLE TACOMA AIRPORT, WA US","47.44467","-122.31442","112.5","2024-01-30","3.0",,"0.5","0.0","0.0","13.0","16.1","10.6","  110","  120","7.6","9.8"
"USW00024233","SEATTLE TACOMA AIRPORT, WA US","47.44467","-122.31442","112.5","2024-01-31","3.8",,"3.0","0.0","0.0","13.7","15.6","10.0","  100","  100","9.8","13.0"
"USW00024233","SEATTLE TACOMA AIRPORT, WA US","47.44467","-122.31442","112.5","2024-02-01","3.0",,"2.3","0.0","0.0","11.3","14.4","8.3","  250","  250","7.2","10.7"
"USW00024233","SEATTLE TACOMA AIRPORT, WA US","47.44467","-122.31442","112.5","2024-02-02","2.4",,"0.0","0.0","0.0","9.8","12.2","6.1","  250","  230","5.8","8.1"
"USW00024233","SEATTLE TACOMA AIRPORT, WA US","47.44467","-122.31442","112.5","2024-02-03","1.6",,"0.0","0.0","0.0","6.9","10.6","2.8","   20","   30","4.0","5.8"
"USW00024233","SEATTLE TACOMA AIRPORT, WA US","47.44467","-122.31442","112.5","2024-02-04","5.6",,"0.0","0.0","0.0","6.9","10.0","3.9","   20","   20","9.8","12.5"
"USW00024233","SEATTLE TACOMA AIRPORT, WA US","47.44467","-122.31442","112.5","2024-02-05","5.3",,"3.6","0.0","0.0","6.1","7.2","5.0","   30","   30","9.4","11.6"
"USW00024233","SEATTLE TACOMA AIRPORT, WA US","47.44467","-122.31442","112.5","2024-02-06","1.5",,"5.1","0.0","0.0","5.6","7.8","5.0","  160","  130","3.6","4.9"
"USW00024233","SEATTLE TACOMA AIRPORT, WA US","47.44467","-122.31442","112.5","2024-02-07","1.9",,"0.0","0.0","0.0","6.0","8.9","3.9","  350","  350","4.0","4.9"
"USW00024233","SEATTLE TACOMA AIRPORT, WA US","47.44467","-122.31442","112.5","2024-02-08","2.4",,"3.3","0.0","0.0","5.9","8.3","4.4","  220","  240","6.7","8.9"
"USW00024233","SEATTLE TACOMA AIRPORT, WA US","47.44467","-122.31442","112.5","2024-02-09","1.9",,"0.3","0.0","0.0","5.6","9.4","2.8","   20","   60","4.0","5.8"
"USW00024233","SEATTLE TACOMA AIRPORT, WA US","47.44467","-122.31442","112.5","2024-02-10","1.9",,"0.0","0.0","0.0","5.0","10.0","2.2","  130","  140","4.0","5.4"
"USW00024233","SEATTLE TACOMA AIRPORT, WA US","47.44467","-122.31442","112.5","2024-02-11","4.0",,"7.4","0.0","0.0","7.6","11.1","5.6","  220","  200","10.7","15.2"
"USW00024233","SEATTLE TACOMA AIRPORT, WA US","47.44467","-122.31442","112.5","2024-02-12","3.5",,"7.9","0.0","0.0","7.9","8.3","6.1","  220","  230","6.7","9.8"
"USW00024233","SEATTLE TACOMA AIRPORT, WA US","47.44467","-122.31442","112.5","2024-02-13","3.7",,"0.0","0.0","0.0","6.8","9.4","4.4","   10","   40","6.3","8.1"
"USW00024233","SEATTLE TACOMA AIRPORT, WA US","47.44467","-122.31442","112.5","2024-02-14","4.9",,"1.3","0.0","0.0","6.1","9.4","2.8","   90","  100","11.2","17.4"
"USW00024233","SEATTLE TACOMA AIRPORT, WA US","47.44467","-122.31442","112.5","2024-02-15","3.9",,"5.8","0.0","0.0","4.4","6.7","1.7","   90","  100","10.3","14.8"
"USW00024233","SEATTLE TACOMA AIRPORT, WA US","47.44467","-122.31442","112.5","2024-02-16","4.7",,"0.0","0.0","0.0","5.1","10.0","1.1","  110","  110","9.4","13.0"
"USW00024233","SEATTLE TACOMA AIRPORT, WA US","47.44467","-122.31442","112.5","2024-02-17","5.5",,"0.0","0.0","0.0","7.7","12.2","5.6","  110","  110","9.4","13.0"
"USW00024233","SEATTLE TACOMA AIRPORT, WA US","47.44467","-122.31442","112.5","2024-02-18","2.7",,"0.0","0.0","0.0","8.1","10.0","5.6","  110","  110","6.3","8.5"
"USW00024233","SEATTLE TACOMA AIRPORT, WA US","47.44467","-122.31442","112.5","2024-02-19","2.7",,"1.0","0.0","0.0","7.1","8.9","3.9","   20","   30","5.8","7.2"
"USW00024233","SEATTLE TACOMA AIRPORT, WA US","47.44467","-122.31442","112.5","2024-02-20","2.3",,"4.1","0.0","0.0","7.6","12.2","5.6","  200","  200","7.6","10.3"
"USW00024233","SEATTLE TACOMA AIRPORT, WA US","47.44467","-122.31442","112.5","2024-02-21","3.4",,"9.7","0.0","0.0","8.9","10.6","7.2","  180","  170","6.3","8.9"
"USW00024233","SEATTLE TACOMA AIRPORT, WA US","47.44467","-122.31442","112.5","2024-02-22","2.2",,"0.0","0.0","0.0","8.9","13.3","5.6","  170","  170","5.4","7.2"
"USW00024233","SEATTLE TACOMA AIRPORT, WA US","47.44467","-122.31442","112.5","2024-02-23","1.5",,"0.0","0.0","0.0","6.9","11.1","1.7","  310","  320","5.8","7.2"
"USW00024233","SEATTLE TACOMA AIRPORT, WA US","47.44467","-122.31442","112.5","2024-02-24","3.8",,"0.0","0.0","0.0","7.3","10.0","5.0","  190","  200","9.4","11.6"
"USW00024233","SEATTLE TACOMA AIRPORT, WA US","47.44467","-122.31442","112.5","2024-02-25","7.4",,"4.3","0.0","0.0","8.4","10.0","3.3","  220","  220","13.0","20.1"
"USW00024233","SEATTLE TACOMA AIRPORT, WA US","47.44467","-122.31442","112.5","2024-02-26","3.7",,"1.3","0.0","0.0","4.8","6.7","0.0","  310","  320","11.6","16.5"
"USW00024233","SEATTLE TACOMA AIRPORT, WA US","47.44467","-122.31442","112.5","2024-02-27","3.8",,"1.3","0.0","0.0","1.5","7.8","-1.6","  200","  190","9.4","14.8"
"USW00024233","SEATTLE TACOMA AIRPORT, WA US","47.44467","-122.31442","112.5","2024-02-28","7.2",,"24.1","0.0","0.0","7.6","10.0","5.0","  190","  190","13.0","18.3"
"USW00024233","SEATTLE TACOMA AIRPORT, WA US","47.44467","-122.31442","112.5","2024-02-29","4.9",,"15.0","0.0","0.0","5.7","6.1","1.1","  200","  200","9.8","14.3"
"USW00024233","SEATTLE TACOMA AIRPORT, WA US","47.44467","-122.31442","112.5","2024-03-01","3.4",,"3.6","0.0","0.0","2.9","6.1","1.7","  180","  190","9.4","12.5"
"USW00024233","SEATTLE TACOMA AIRPORT, WA US","47.44467","-122.31442","112.5","2024-03-02","4.7",,"2.3","0.0","0.0","3.8","6.7","1.1","  230","  220","9.8","14.8"
"USW00024233","SEATTLE TACOMA AIRPORT, WA US","47.44467","-122.31442","112.5","2024-03-03","5.2",,"2.5","0.0","0.0","3.3","6.1","1.7","  200","  210","10.3","14.3"
"USW00024233","SEATTLE TACOMA AIRPORT, WA US","47.44467","-122.31442","112.5","2024-03-04","4.4",,"5.6","8.0","0.0","3.8","7.2","0.6","  220","  190","7.6","10.7"
"USW00024233","SEATTLE TACOMA AIRPORT, WA US","47.44467","-122.31442","112.5","2024-03-05","3.2",,"0.0","0.0","0.0","2.7","7.2","-0.5","  300","  300","6.7","8.5"
"USW00024233","SEATTLE TACOMA AIRPORT, WA US","47.44467","-122.31442","112.5","2024-03-06","2.4",,"0.0","0.0","0.0","2.2","7.2","-2.1","   60","   90","4.0","5.8"
"USW00024233","SEATTLE TACOMA AIRPORT, WA US","47.44467","-122.31442","112.5","2024-03-07","2.1",,"0.0","0.0","0.0","3.1","8.3","-1.0","  280","   70","4.5","6.7"
"USW00024233","SEATTLE TACOMA AIRPORT, WA US","47.44467","-122.31442","112.5","2024-03-08","2.0",,"0.0","0.0","0.0","6.1","12.2","3.3","  140","  140","5.4","6.3"
"USW00024233","SEATTLE TACOMA AIRPORT, WA US","47.44467","-122.31442","112.5","2024-03-09","5.5",,"0.8","0.0","0.0","8.2","11.7","5.0","  200","  200","14.3","19.7"
"USW00024233","SEATTLE TACOMA AIRPORT, WA US","47.44467","-122.31442","112.5","2024-03-10","5.6",,"5.3","0.0","0.0","8.2","10.0","6.1","  190","  180","11.6","18.8"
"USW00024233","SEATTLE TACOMA AIRPORT, WA US","47.44467","-122.31442","112.5","2024-03-11","4.7",,"5.1","0.0","0.0","7.2","9.4","5.0","  160","  180","9.4","13.9"
"USW00024233","SEATTLE TACOMA AIRPORT, WA US","47.44467","-122.31442","112.5","2024-03-12","5.9",,"3.8","0.0","0.0","7.7","9.4","3.9","  220","  230","11.6","15.2"
"USW00024233","SEATTLE TACOMA AIRPORT, WA US","47.44467","-122.31442","112.5","2024-03-13","2.3",,"0.0","0.0","0.0","5.8","11.1","3.9","  210","  200","6.7","8.5"
"USW00024233","SEATTLE TACOMA AIRPORT, WA US","47.44467","-122.31442","112.5","2024-03-14","2.7",,"0.0","0.0","0.0","6.9","13.9","1.7","   10","  350","6.3","7.6"
"USW00024233","SEATTLE TACOMA AIRPORT, WA US","47.44467","-122.31442","112.5","2024-03-15","5.2",,"0.0","0.0","0.0","9.0","16.7","4.4","   30","   30","7.6","9.8"
"USW00024233","SEATTLE TACOMA AIRPORT, WA US","47.44467","-122.31442","112.5","2024-03-16","2.8",,"0.0","0.0","0.0","11.7","23.3","6.7","   20","   30","8.1","9.8"
"USW00024233","SEATTLE TACOMA AIRPORT, WA US","47.44467","-122.31442","112.5","2024-03-17","2.9",,"0.0","0.0","0.0","15.0","21.7","8.3","   40","   30","6.7","8.1"
"USW00024233","SEATTLE TACOMA AIRPORT, WA US","47.44467","-122.31442","112.5","2024-03-18","3.0",,"0.0","0.0","0.0","13.3","18.9","6.7","  350","  350","5.4","7.2"
"USW00024233","SEATTLE TACOMA AIRPORT, WA US","47.44467","-122.31442","112.5","2024-03-19","2.3",,"0.0","0.0","0.0","11.9","17.8","6.1","  210","  200","6.3","9.4"
"USW00024233","SEATTLE TACOMA AIRPORT, WA US","47.44467","-122.31442","112.5","2024-03-20","3.2",,"0.8","0.0","0.0","9.5","10.6","7.8","  220","  210","6.3","8.9"
"USW00024233","SEATTLE TACOMA AIRPORT, WA US","47.44467","-122.31442","112.5","2024-03-21","2.6",,"2.8","0.0","0.0","9.7","13.3","7.8","  100","  220","4.5","6.7"
"USW00024233","SEATTLE TACOMA AIRPORT, WA US","47.44467","-122.31442","112.5","2024-03-22","2.2",,"5.6","0.0","0.0","10.4","11.7","8.3","   90","   90","6.3","8.1"
"USW00024233","SEATTLE TACOMA AIRPORT, WA US","47.44467","-122.31442","112.5","2024-03-23","2.6",,"1.8","0.0","0.0","9.9","11.7","7.8","   90","   90","6.3","7.6"
"USW00024233","SEATTLE TACOMA AIRPORT, WA US","47.44467","-122.31442","112.5","2024-03-24","2.9",,"0.0","0.0","0.0","9.3","14.4","7.8","  210","  210","8.9","11.6"
"USW00024233","SEATTLE TACOMA AIRPORT, WA US","47.44467","-122.31442","112.5","2024-03-25","4.4",,"0.5","0.0","0.0","9.7","11.1","7.8","  220","  220","8.9","11.2"
"USW00024233","SEATTLE TACOMA AIRPORT, WA US","47.44467","-122.31442","112.5","2024-03-26","4.6",,"0.0","0.0","0.0","8.8","12.8","6.7","  190","  190","8.9","11.2"
"USW00024233","SEATTLE TACOMA AIRPORT, WA US","47.44467","-122.31442","112.5","2024-03-27","3.9",,"13.7","0.0","0.0","8.7","11.7","6.1","  190","  200","6.3","9.4"
"USW00024233","SEATTLE TACOMA AIRPORT, WA US","47.44467","-122.31442","112.5","2024-03-28","3.9",,"5.1","0.0","0.0","7.8","12.2","5.6","  210","  230","6.3","16.1"
"USW00024233","SEATTLE TACOMA AIRPORT, WA US","47.44467","-122.31442","112.5","2024-03-29","3.1",,"0.8","0.0","0.0","9.3","15.0","5.0","  350","  350","9.4","11.6"
"USW00024233","SEATTLE TACOMA AIRPORT, WA US","47.44467","-122.31442","112.5","2024-03-30","3.8",,"0.0","0.0","0.0","9.2","14.4","4.4","  350","  340","6.3","8.1"
"USW00024233","SEATTLE TACOMA AIRPORT, WA US","47.44467","-122.31442","112.5","2024-03-31","3.1",,"0.0","0.0","0.0","9.5","16.1","4.4","  350","  350","7.6","11.2"
"USW00024233","SEATTLE TACOMA AIRPORT, WA US","47.44467","-122.31442","112.5","2024-04-01",,,"0.0","0.0","0.0","10.7","16.1","6.1",,,,
"USW00024233","SEATTLE TACOMA AIRPORT, WA US","47.44467","-122.31442","112.5","2024-04-02",,,"0.5","0.0","0.0","14.9","19.4","7.2",,,,
"USW00024233","SEATTLE TACOMA AIRPORT, WA US","47.44467","-122.31442","112.5","2024-04-03",,,"0.0","0.0","0.0","9.2","11.7","5.6",,,,
"USW00024233","SEATTLE TACOMA AIRPORT, WA US","47.44467","-122.31442","112.5","2024-04-04",,,"2.3","0.0","0.0","6.6","7.8","5.0",,,,
"USW00024233","SEATTLE TACOMA AIRPORT, WA US","47.44467","-122.31442","112.5","2024-04-05",,,"0.0","0.0","0.0","6.6","11.1","5.0",,,,
"USW00024233","SEATTLE TACOMA AIRPORT, WA US","47.44467","-122.31442","112.5","2024-04-06",,,"0.8","0.0","0.0","7.9","8.3","6.1",,,,
"USW00024233","SEATTLE TACOMA AIRPORT, WA US","47.44467","-122.31442","112.5","2024-04-07",,,"0.5","0.0","0.0","8.0","12.2","5.6",,,,
"USW00024233","SEATTLE TACOMA AIRPORT, WA US","47.44467","-122.31442","112.5","2024-04-08",,,"5.1","0.0","0.0","8.1","11.7","5.0",,,,
"USW00024233","SEATTLE TACOMA AIRPORT, WA US","47.44467","-122.31442","112.5","2024-04-09",,,"1.0","0.0","0.0","9.8","12.8","7.8",,,,
"USW00024233","SEATTLE TACOMA AIRPORT, WA US","47.44467","-122.31442","112.5","2024-04-10",,,"0.0","0.0","0.0","9.8","14.4","3.9",,,,
"USW00024233","SEATTLE TACOMA AIRPORT, WA US","47.44467","-122.31442","112.5","2024-04-11",,,"0.0","0.0","0.0","9.6","12.8","5.6",,,,
"USW00024233","SEATTLE TACOMA AIRPORT, WA US","47.44467","-122.31442","112.5","2024-04-12",,,"0.0","0.0","0.0","10.0","13.9","7.2",,,,
"USW00024233","SEATTLE TACOMA AIRPORT, WA US","47.44467","-122.31442","112.5","2024-04-13",,,"0.0","0.0","0.0","9.7","17.2","5.6",,,,
"USW00024233","SEATTLE TACOMA AIRPORT, WA US","47.44467","-122.31442","112.5","2024-04-14",,,"0.0","0.0","0.0","11.8","18.3","6.1",,,,
"USW00024233","SEATTLE TACOMA AIRPORT, WA US","47.44467","-122.31442","112.5","2024-04-15",,,"0.0","0.0","0.0","10.3","13.3","6.7",,,,
"USW00024233","SEATTLE TACOMA AIRPORT, WA US","47.44467","-122.31442","112.5","2024-04-16",,,"0.0","0.0","0.0","7.8","12.2","4.4",,,,
"USW00024233","SEATTLE TACOMA AIRPORT, WA US","47.44467","-122.31442","112.5","2024-04-17",,,"0.0","0.0","0.0","7.9","15.0","2.2",,,,
"USW00024233","SEATTLE TACOMA AIRPORT, WA US","47.44467","-122.31442","112.5","2024-04-18",,,"0.0","0.0","0.0","10.5","17.8","3.9",,,,
"USW00024233","SEATTLE TACOMA AIRPORT, WA US","47.44467","-122.31442","112.5","2024-04-19",,,"0.0","0.0","0.0","12.9","20.0","7.2",,,,
"USW00024233","SEATTLE TACOMA AIRPORT, WA US","47.44467","-122.31442","112.5","2024-04-20",,,"0.0","0.0","0.0","16.1","22.2","7.2",,,,
"USW00024233","SEATTLE TACOMA AIRPORT, WA US","47.44467","-122.31442","112.5","2024-04-21",,,"0.8","0.0","0.0","9.2","14.4","5.6",,,,
"USW00024233","SEATTLE TACOMA AIRPORT, WA US","47.44467","-122.31442","112.5","2024-04-22",,,"0.0","0.0","0.0","10.6","16.1","6.1",,,,
"USW00024233","SEATTLE TACOMA AIRPORT, WA US","47.44467","-122.31442","112.5","2024-04-23",,,"0.0","0.0","0.0","12.5","21.1","6.7",,,,
"USW00024233","SEATTLE TACOMA AIRPORT, WA US","47.44467","-122.31442","112.5","2024-04-24",,,"0.0","0.0","0.0","11.6","12.2","7.8",,,,
"USW00024233","SEATTLE TACOMA AIRPORT, WA US","47.44467","-122.31442","112.5","2024-04-25",,,,"0.0","0.0","9.9","11.7",,,,,
"USW00024233","SEATTLE TACOMA AIRPORT, WA US","47.44467","-122.31442","112.5","2024-04-26",,,"2.0","0.0","0.0","10.9","16.1","9.4",,,,
"USW00024233","SEATTLE TACOMA AIRPORT, WA US","47.44467","-122.31442","112.5","2024-04-27",,,"2.3","0.0","0.0","10.7","11.1","8.3",,,,
"USW00024233","SEATTLE TACOMA AIRPORT, WA US","47.44467","-122.31442","112.5","2024-04-28",,,"1.0","0.0","0.0","9.6","11.7","6.1",,,,
"USW00024233","SEATTLE TACOMA AIRPORT, WA US","47.44467","-122.31442","112.5","2024-04-29",,,"5.8","0.0","0.0","7.4","12.2","3.9",,,,
"USW00024233","SEATTLE TACOMA AIRPORT, WA US","47.44467","-122.31442","112.5","2024-04-30","2.8",,"0.5","0.0","0.0","7.7","13.3","5.0","  290","  290","6.7","8.5"
"USW00024233","SEATTLE TACOMA AIRPORT, WA US","47.44467","-122.31442","112.5","2024-05-01","3.1",,"0.0","0.0","0.0","9.1","14.4","4.4","  240","  230","6.7","8.9"
"USW00024233","SEATTLE TACOMA AIRPORT, WA US","47.44467","-122.31442","112.5","2024-05-02","3.5",,"0.0","0.0","0.0","10.9","18.9","5.6","  360","   10","6.7","10.3"
"USW00024233","SEATTLE TACOMA AIRPORT, WA US","47.44467","-122.31442","112.5","2024-05-03","2.8",,"0.0","0.0","0.0","13.2","18.9","7.8","  250","  260","7.6","12.1"
"USW00024233","SEATTLE TACOMA AIRPORT, WA US","47.44467","-122.31442","112.5","2024-05-04","4.0",,"3.0","0.0","0.0","12.2","12.8","9.4","   20","   20","10.3","12.5"
"USW00024233","SEATTLE TACOMA AIRPORT, WA US","47.44467","-122.31442","112.5","2024-05-05","5.6",,"3.6","0.0","0.0","9.7","10.6","8.3","  210","  230","9.8","14.3"
"USW00024233","SEATTLE TACOMA AIRPORT, WA US","47.44467","-122.31442","112.5","2024-05-06","5.8",,"0.3","0.0","0.0","9.4","12.8","7.2","  210","  200","10.3","14.8"
"USW00024233","SEATTLE TACOMA AIRPORT, WA US","47.44467","-122.31442","112.5","2024-05-07","3.4",,"0.3","0.0","0.0","9.2","15.0","5.6","   40","   40","6.7","8.5"
"USW00024233","SEATTLE TACOMA AIRPORT, WA US","47.44467","-122.31442","112.5","2024-05-08","3.9",,"0.0","0.0","0.0","11.3","17.8","5.6","  340","  360","9.4","12.5"
"USW00024233","SEATTLE TACOMA AIRPORT, WA US","47.44467","-122.31442","112.5","2024-05-09","5.0",,"0.0","0.0","0.0","14.4","23.3","7.2","   20","   30","8.9","11.6"
"USW00024233","SEATTLE TACOMA AIRPORT, WA US","47.44467","-122.31442","112.5","2024-05-10","2.8",,"0.0","0.0","0.0","19.3","28.9","11.1","  360","   10","6.3","7.6"
"USW00024233","SEATTLE TACOMA AIRPORT, WA US","47.44467","-122.31442","112.5","2024-05-11","2.2",,"0.0","0.0","0.0","21.1","28.3","12.8","   40","   20","6.3","8.1"
"USW00024233","SEATTLE TACOMA AIRPORT, WA US","47.44467","-122.31442","112.5","2024-05-12","3.4",,"0.0","0.0","0.0","18.9","23.9","10.6","   50","   40","8.1","11.6"
"USW00024233","SEATTLE TACOMA AIRPORT, WA US","47.44467","-122.31442","112.5","2024-05-13","3.5",,"0.0","0.0","0.0","15.5","17.2","11.1","   50","   50","7.6","9.8"
"USW00024233","SEATTLE TACOMA AIRPORT, WA US","47.44467","-122.31442","112.5","2024-05-14","3.9",,"0.0","0.0","0.0","14.4","21.7","9.4","   30","   40","9.4","12.1"
"USW00024233","SEATTLE TACOMA AIRPORT, WA US","47.44467","-122.31442","112.5","2024-05-15","2.4",,"0.0","0.0","0.0","16.6","23.9","10.6","  250","  290","4.5","6.7"
"USW00024233","SEATTLE TACOMA AIRPORT, WA US","47.44467","-122.31442","112.5","2024-05-16","5.5",,"0.5","0.0","0.0","14.6","17.8","9.4","  220","  210","12.5","18.8"
"USW00024233","SEATTLE TACOMA AIRPORT, WA US","47.44467","-122.31442","112.5","2024-05-17","4.9",,"0.0","0.0","0.0","11.8","17.2","7.2","  210","  220","7.6","10.3"
"USW00024233","SEATTLE TACOMA AIRPORT, WA US","47.44467","-122.31442","112.5","2024-05-18","2.8",,"6.1","0.0","0.0","10.8","14.4","8.3","  210","  200","5.8","8.5"
"USW00024233","SEATTLE TACOMA AIRPORT, WA US","47.44467","-122.31442","112.5","2024-05-19","2.7",,"0.0","0.0","0.0","9.8","16.7","6.1","  290","  270","5.8","8.1"
"USW00024233","SEATTLE TACOMA AIRPORT, WA US","47.44467","-122.31442","112.5","2024-05-20","2.9",,"0.0","0.0","0.0","11.9","17.8","7.2","  200","  260","5.8","7.2"
"USW00024233","SEATTLE TACOMA AIRPORT, WA US","47.44467","-122.31442","112.5","2024-05-21","5.5",,"16.8","0.0","0.0","11.1","11.1","7.8","  220","  220","11.6","16.5"
"USW00024233","SEATTLE TACOMA AIRPORT, WA US","47.44467","-122.31442","112.5","2024-05-22","3.6",,"0.0","0.0","0.0","10.4","15.6","7.8","  220","  220","11.6","16.1"
"USW00024233","SEATTLE TACOMA AIRPORT, WA US","47.44467","-122.31442","112.5","2024-05-23","3.8",,"0.0","0.0","0.0","12.1","16.1","8.3","  250","  240","6.3","8.9"
"USW00024233","SEATTLE TACOMA AIRPORT, WA US","47.44467","-122.31442","112.5","2024-05-24","3.6",,"1.8","0.0","0.0","11.6","13.9","8.9","  220","  220","8.1","10.7"
"USW00024233","SEATTLE TACOMA AIRPORT, WA US","47.44467","-122.31442","112.5","2024-05-25","6.1",,"0.8","0.0","0.0","11.1","16.1","8.3","  220","  220","10.7","15.7"
"USW00024233","SEATTLE TACOMA AIRPORT, WA US","47.44467","-122.31442","112.5","2024-05-26","3.6",,"2.5","0.0","0.0","10.8","15.0","8.9","  200","  200","6.7","8.5"
"USW00024233","SEATTLE TACOMA AIRPORT, WA US","47.44467","-122.31442","112.5","2024-05-27","3.0",,"0.0","0.0","0.0","13.2","19.4","10.6","  340","  340","5.8","7.2"
"USW00024233","SEATTLE TACOMA AIRPORT, WA US","47.44467","-122.31442","112.5","2024-05-28","3.9",,"0.8","0.0","0.0","12.8","15.6","9.4","  210","  220","9.4","12.5"
"USW00024233","SEATTLE TACOMA AIRPORT, WA US","47.44467","-122.31442","112.5","2024-05-29","4.0",,"2.8","0.0","0.0","11.8","17.2","8.9","  210","  340","9.8","16.1"
"USW00024233","SEATTLE TACOMA AIRPORT, WA US","47.44467","-122.31442","112.5","2024-05-30","2.9",,"0.0","0.0","0.0","11.2","17.2","8.9","  320","  290","6.3","8.9"
"USW00024233","SEATTLE TACOMA AIRPORT, WA US","47.44467","-122.31442","112.5","2024-05-31","3.4",,"0.0","0.0","0.0","13.6","22.2","8.3","   30","  310","5.8","7.6"
"USW00024233","SEATTLE TACOMA AIRPORT, WA US","47.44467","-122.31442","112.5","2024-06-01","3.2",,"0.0","0.0","0.0","15.3","17.2","12.2","  230","  250","5.8","8.1"
"USW00024233","SEATTLE TACOMA AIRPORT, WA US","47.44467","-122.31442","112.5","2024-06-02","3.8",,"16.5","0.0","0.0","14.1","15.0","12.2","  190","  200","9.8","13.9"
"USW00024233","SEATTLE TACOMA AIRPORT, WA US","47.44467","-122.31442","112.5","2024-06-03","6.9",,"8.6","0.0","0.0","12.8","15.0","10.0","  230","  220","11.6","17.0"
"USW00024233","SEATTLE TACOMA AIRPORT, WA US","47.44467","-122.31442","112.5","2024-06-04","5.4",,"2.8","0.0","0.0","11.7","16.7","9.4","  200","  190","11.2","15.7"
"USW00024233","SEATTLE TACOMA AIRPORT, WA US","47.44467","-122.31442","112.5","2024-06-05","3.0",,"0.0","0.0","0.0","13.1","18.9","8.9","  340","  350","5.8","7.6"
"USW00024233","SEATTLE TACOMA AIRPORT, WA US","47.44467","-122.31442","112.5","2024-06-06","4.0",,"0.0","0.0","0.0","14.9","22.2","10.0","  340","  350","6.3","8.5"
"USW00024233","SEATTLE TACOMA AIRPORT, WA US","47.44467","-122.31442","112.5","2024-06-07","4.0",,"0.0","0.0","0.0","17.4","25.0","11.7","   10","   30","7.2","9.4"
"USW00024233","SEATTLE TACOMA AIRPORT, WA US","47.44467","-122.31442","112.5","2024-06-08","2.3",,"0.0","0.0","0.0","19.7","25.6","12.2","  200","  200","5.4","6.3"
"USW00024233","SEATTLE TACOMA AIRPORT, WA US","47.44467","-122.31442","112.5","2024-06-09","3.7",,"0.0","0.0","0.0","17.2","21.7","11.7","  230","  240","7.2","9.8"
"USW00024233","SEATTLE TACOMA AIRPORT, WA US","47.44467","-122.31442","112.5","2024-06-10","2.9",,"0.3","0.0","0.0","13.7","21.1","10.0","  270","  290","4.5","7.2"
"USW00024233","SEATTLE TACOMA AIRPORT, WA US","47.44467","-122.31442","112.5","2024-06-11","5.2",,"0.0","0.0","0.0","16.2","19.4","11.1","  220","  220","12.5","17.4"
"USW00024233","SEATTLE TACOMA AIRPORT, WA US","47.44467","-122.31442","112.5","2024-06-12","4.4",,"0.0","0.0","0.0","13.7","19.4","10.6","   30","  350","7.6","11.2"
"USW00024233","SEATTLE TACOMA AIRPORT, WA US","47.44467","-122.31442","112.5","2024-06-13","3.5",,"0.0","0.0","0.0","14.4","20.0","9.4","   30","   40","7.6","8.9"
"USW00024233","SEATTLE TACOMA AIRPORT, WA US","47.44467","-122.31442","112.5","2024-06-14","5.1",,"0.3","0.0","0.0","14.1","17.8","8.9","  210","  200","8.9","12.1"
"USW00024233","SEATTLE TACOMA AIRPORT, WA US","47.44467","-122.31442","112.5","2024-06-15","6.1",,"0.0","0.0","0.0","12.2","15.6","8.9","  220","  220","11.6","16.5"
"USW00024233","SEATTLE TACOMA AIRPORT, WA US","47.44467","-122.31442","112.5","2024-06-16","3.0",,"0.0","0.0","0.0","12.0","17.8","8.3","  350","  340","8.1","13.0"
"USW00024233","SEATTLE TACOMA AIRPORT, WA US","47.44467","-122.31442","112.5","2024-06-17","3.4",,"1.0","0.0","0.0","12.6","16.1","10.0","  220","  230","7.2","9.8"
"USW00024233","SEATTLE TACOMA AIRPORT, WA US","47.44467","-122.31442","112.5","2024-06-18","2.6",,"0.0","0.0","0.0","12.9","19.4","9.4","  210","  210","6.7","8.9"
"USW00024233","SEATTLE TACOMA AIRPORT, WA US","47.44467","-122.31442","112.5","2024-06-19","4.1",,"0.0","0.0","0.0","16.5","26.1","9.4","   20","  350","6.7","8.5"
"USW00024233","SEATTLE TACOMA AIRPORT, WA US","47.44467","-122.31442","112.5","2024-06-20","3.9",,"0.0","0.0","0.0","20.6","28.9","13.3","  350","  360","7.2","9.8"
"USW00024233","SEATTLE TACOMA AIRPORT, WA US","47.44467","-122.31442","112.5","2024-06-21","2.3",,"0.0","0.0","0.0","22.1","30.0","14.4","   20","  360","5.4","7.2"
"USW00024233","SEATTLE TACOMA AIRPORT, WA US","47.44467","-122.31442","112.5","2024-06-22","4.0",,"0.0","0.0","0.0","19.4","23.9","13.3","  230","  220","7.2","10.3"
"USW00024233","SEATTLE TACOMA AIRPORT, WA US","47.44467","-122.31442","112.5","2024-06-23","5.4",,"0.0","0.0","0.0","16.8","19.4","12.2","  210","  200","9.8","14.3"
"USW00024233","SEATTLE TACOMA AIRPORT, WA US","47.44467","-122.31442","112.5","2024-06-24","3.1",,"0.0","0.0","0.0","15.1","21.1","11.1","  350","  360","6.7","9.4"
"USW00024233","SEATTLE TACOMA AIRPORT, WA US","47.44467","-122.31442","112.5","2024-06-25","3.7",,"0.0","0.0","0.0","17.6","26.7","12.2","   30","   50","7.2","8.9"
"USW00024233","SEATTLE TACOMA AIRPORT, WA US","47.44467","-122.31442","112.5","2024-06-26","4.7",,"0.3","0.0","0.0","18.4","21.1","12.8","  220","  210","9.8","13.0"
"USW00024233","SEATTLE TACOMA AIRPORT, WA US","47.44467","-122.31442","112.5","2024-06-27","4.6",,"0.5","0.0","0.0","14.7","18.9","12.8","  190","  200","7.6","11.6"
"USW00024233","SEATTLE TACOMA AIRPORT, WA US","47.44467","-122.31442","112.5","2024-06-28","2.6",,"0.0","0.0","0.0","14.9","21.7","12.2","  320","  280","5.4","6.7"
"USW00024233","SEATTLE TACOMA AIRPORT, WA US","47.44467","-122.31442","112.5","2024-06-29","2.3",,"0.0","0.0","0.0","18.3","23.9","12.8","   40","  330","4.5","6.3"
"USW00024233","SEATTLE TACOMA AIRPORT, WA US","47.44467","-122.31442","112.5","2024-06-30","3.3",,"0.0","0.0","0.0","17.9","24.4","15.0","  220","  220","6.3","8.5"
"USW00024233","SEATTLE TACOMA AIRPORT, WA US","47.44467","-122.31442","112.5","2024-07-01","1.9",,"0.0","0.0","0.0","19.0","24.4","15.0","  290","  260","5.4","7.6"
"USW00024233","SEATTLE TACOMA AIRPORT, WA US","47.44467","-122.31442","112.5","2024-07-02","2.8",,"0.0","0.0","0.0","16.7","21.7","12.2","  220","  200","5.8","8.5"
"USW00024233","SEATTLE TACOMA AIRPORT, WA US","47.44467","-122.31442","112.5","2024-07-03","3.0",,"0.0","0.0","0.0","16.3","24.4","11.7","  270","  290","5.8","9.8"
"USW00024233","SEATTLE TACOMA AIRPORT, WA US","47.44467","-122.31442","112.5","2024-07-04","3.9",,"0.0","0.0","0.0","20.1","28.3","13.3","  350","  340","7.6","10.7"
"USW00024233","SEATTLE TACOMA AIRPORT, WA US","47.44467","-122.31442","112.5","2024-07-05","3.2",,"0.0","0.0","0.0","22.6","31.7","13.9","   10","  350","8.1","10.7"
"USW00024233","SEATTLE TACOMA AIRPORT, WA US","47.44467","-122.31442","112.5","2024-07-06","3.2",,"0.0","0.0","0.0","25.1","32.8","16.1","   10","  360","7.6","10.3"
"USW00024233","SEATTLE TACOMA AIRPORT, WA US","47.44467","-122.31442","112.5","2024-07-07","2.9",,"0.0","0.0","0.0","25.4","33.9","16.7","   30","  270","5.8","6.7"
"USW00024233","SEATTLE TACOMA AIRPORT, WA US","47.44467","-122.31442","112.5","2024-07-08","3.2",,"0.0","0.0","0.0","27.4","35.0","19.4","  360","  340","6.7","8.9"
"USW00024233","SEATTLE TACOMA AIRPORT, WA US","47.44467","-122.31442","112.5","2024-07-09","2.6",,"0.0","0.0","0.0","27.1","36.7","17.8","  360","  350","6.7","8.1"
"USW00024233","SEATTLE TACOMA AIRPORT, WA US","47.44467","-122.31442","112.5","2024-07-10","3.5",,"0.0","0.0","0.0","25.1","31.1","16.1","   40","  280","7.2","10.3"
"USW00024233","SEATTLE TACOMA AIRPORT, WA US","47.44467","-122.31442","112.5","2024-07-11","3.0",,"0.0","0.0","0.0","21.9","28.3","13.9","   10","  340","5.8","8.1"
"USW00024233","SEATTLE TACOMA AIRPORT, WA US","47.44467","-122.31442","112.5","2024-07-12","2.7",,"0.0","0.0","0.0","20.6","28.3","13.3","  350","  360","6.7","8.5"
"USW00024233","SEATTLE TACOMA AIRPORT, WA US","47.44467","-122.31442","112.5","2024-07-13","3.0",,"0.0","0.0","0.0","22.9","31.1","15.6","  340","  340","7.2","10.3"
"USW00024233","SEATTLE TACOMA AIRPORT, WA US","47.44467","-122.31442","112.5","2024-07-14","3.0",,"0.0","0.0","0.0","23.3","28.3","14.4","  220","  230","6.3","8.1"
"USW00024233","SEATTLE TACOMA AIRPORT, WA US","47.44467","-122.31442","112.5","2024-07-15","2.8",,"0.0","0.0","0.0","18.1","26.7","13.3","  280","   30","5.4","6.7"
"USW00024233","SEATTLE TACOMA AIRPORT, WA US","47.44467","-122.31442","112.5","2024-07-16","3.0",,"0.0","0.0","0.0","22.1","31.1","14.4","   10","   10","7.2","9.8"
"USW00024233","SEATTLE TACOMA AIRPORT, WA US","47.44467","-122.31442","112.5","2024-07-17","3.1",,"0.0","0.0","0.0","23.3","28.3","16.1","  220","  250","7.2","8.9"
"USW00024233","SEATTLE TACOMA AIRPORT, WA US","47.44467","-122.31442","112.5","2024-07-18","3.2",,"0.0","0.0","0.0","19.8","28.3","13.9","  230","  250","5.8","8.5"
"USW00024233","SEATTLE TACOMA AIRPORT, WA US","47.44467","-122.31442","112.5","2024-07-19","2.8",,"0.0","0.0","0.0","20.4","28.9","13.9","   10","   20","5.8","7.6"
"USW00024233","SEATTLE TACOMA AIRPORT, WA US","47.44467","-122.31442","112.5","2024-07-20","3.8",,"0.0","0.0","0.0","22.9","31.1","16.7","   30","   40","8.1","10.3"
"USW00024233","SEATTLE TACOMA AIRPORT, WA US","47.44467","-122.31442","112.5","2024-07-21","2.7",,"0.0","0.0","0.0","21.4","25.0","15.0","  260","  250","6.3","8.5"
"USW00024233","SEATTLE TACOMA AIRPORT, WA US","47.44467","-122.31442","112.5","2024-07-22","3.6",,"0.0","0.0","0.0","17.6","20.0","13.9","   40","   30","7.6","9.8"
"USW00024233","SEATTLE TACOMA AIRPORT, WA US","47.44467","-122.31442","112.5","2024-07-23","4.2",,"0.0","0.0","0.0","17.8","24.4","14.4","   30","  320","6.7","9.8"
"USW00024233","SEATTLE TACOMA AIRPORT, WA US","47.44467","-122.31442","112.5","2024-07-24","3.2",,"0.0","0.0","0.0","18.4","25.0","12.2","   40","  250","7.6","9.8"
"USW00024233","SEATTLE TACOMA AIRPORT, WA US","47.44467","-122.31442","112.5","2024-07-25","3.2",,"0.0","0.0","0.0","17.6","22.8","13.9","   30","   30","6.7","8.9"
"USW00024233","SEATTLE TACOMA AIRPORT, WA US","47.44467","-122.31442","112.5","2024-07-26","3.8",,"0.0","0.0","0.0","18.2","25.6","11.1","  350","   10","6.7","8.9"
"USW00024233","SEATTLE TACOMA AIRPORT, WA US","47.44467","-122.31442","112.5","2024-07-27","2.9",,"0.0","0.0","0.0","19.1","25.6","13.9","  220","  240","5.4","7.2"
"USW00024233","SEATTLE TACOMA AIRPORT, WA US","47.44467","-122.31442","112.5","2024-07-28","3.8",,"0.0","0.0","0.0","17.9","20.6","13.3","  240","  240","6.7","8.9"
"USW00024233","SEATTLE TACOMA AIRPORT, WA US","47.44467","-122.31442","112.5","2024-07-29","4.1",,"3.3","0.0","0.0","17.2","20.6","14.4","  220","  220","7.2","9.8"
"USW00024233","SEATTLE TACOMA AIRPORT, WA US","47.44467","-122.31442","112.5","2024-07-30","4.2",,"0.8","0.0","0.0","18.2","24.4","16.1","  210","  220","8.1","10.3"
"USW00024233","SEATTLE TACOMA AIRPORT, WA US","47.44467","-122.31442","112.5","2024-07-31","3.0",,"0.0","0.0","0.0","19.3","26.7","15.0","  350","  290","6.7","8.9"
"USW00024233","SEATTLE TACOMA AIRPORT, WA US","47.44467","-122.31442","112.5","2024-08-01","4.1",,"0.0","0.0","0.0","21.7","30.6","16.7","   20","   20","7.2","11.2"
"USW00024233","SEATTLE TACOMA AIRPORT, WA US","47.44467","-122.31442","112.5","2024-08-02","2.8",,"0.0","0.0","0.0","23.6","30.0","17.2","  210","  210","5.4","7.2"
"USW00024233","SEATTLE TACOMA AIRPORT, WA US","47.44467","-122.31442","112.5","2024-08-03","2.5",,"0.0","0.0","0.0","20.4","27.8","13.9","  210","  210","5.4","6.3"
"USW00024233","SEATTLE TACOMA AIRPORT, WA US","47.44467","-122.31442","112.5","2024-08-04","2.9",,"0.0","0.0","0.0","20.6","29.4","13.9","  220","  220","5.4","7.2"
"USW00024233","SEATTLE TACOMA AIRPORT, WA US","47.44467","-122.31442","112.5","2024-08-05","3.7",,"0.0","0.0","0.0","19.6","25.0","13.3","  200","  200","5.8","8.9"
"USW00024233","SEATTLE TACOMA AIRPORT, WA US","47.44467","-122.31442","112.5","2024-08-06","3.0",,"0.0","0.0","0.0","16.9","21.1","13.3","  230","  270","5.4","7.6"
"USW00024233","SEATTLE TACOMA AIRPORT, WA US","47.44467","-122.31442","112.5","2024-08-07","2.9",,"0.0","0.0","0.0","17.5","26.7","12.2","   10","   10","6.7","9.4"
"USW00024233","SEATTLE TACOMA AIRPORT, WA US","47.44467","-122.31442","112.5","2024-08-08","2.5",,"0.0","0.0","0.0","21.7","30.6","13.9","  350","  360","6.7","8.9"
"USW00024233","SEATTLE TACOMA AIRPORT, WA US","47.44467","-122.31442","112.5","2024-08-09","1.7",,"0.0","0.0","0.0","22.6","28.9","16.1","  280","  280","4.5","6.7"
"USW00024233","SEATTLE TACOMA AIRPORT, WA US","47.44467","-122.31442","112.5","2024-08-10","3.7",,"0.0","0.0","0.0","19.8","25.0","14.4","  220","  230","5.8","7.6"
"USW00024233","SEATTLE TACOMA AIRPORT, WA US","47.44467","-122.31442","112.5","2024-08-11","3.4",,"0.0","0.0","0.0","18.0","21.7","15.0","  260","  250","6.3","8.9"
"USW00024233","SEATTLE TACOMA AIRPORT, WA US","47.44467","-122.31442","112.5","2024-08-12","3.9",,"0.0","0.0","0.0","17.3","22.8","13.9","  220","  210","7.2","10.7"
"USW00024233","SEATTLE TACOMA AIRPORT, WA US","47.44467","-122.31442","112.5","2024-08-13","3.4",,"0.0","0.0","0.0","17.8","21.7","15.0","  190","  200","5.4","8.9"
"USW00024233","SEATTLE TACOMA AIRPORT, WA US","47.44467","-122.31442","112.5","2024-08-14","2.6",,"0.0","0.0","0.0","18.5","25.0","15.6","  320","  280","5.8","10.7"
"USW00024233","SEATTLE TACOMA AIRPORT, WA US","47.44467","-122.31442","112.5","2024-08-15","3.5",,"0.0","0.0","0.0","19.1","23.3","14.4","  220","  220","6.7","9.4"
"USW00024233","SEATTLE TACOMA AIRPORT, WA US","47.44467","-122.31442","112.5","2024-08-16","2.8",,"0.0","0.0","0.0","18.2","23.9","15.0","  210","  210","5.8","8.1"
"USW00024233","SEATTLE TACOMA AIRPORT, WA US","47.44467","-122.31442","112.5","2024-08-17","4.5",,"11.9","0.0","0.0","19.3","26.1","13.3","  200","  190","13.0","18.3"
"USW00024233","SEATTLE TACOMA AIRPORT, WA US","47.44467","-122.31442","112.5","2024-08-18","3.0",,"0.0","0.0","0.0","20.1","25.6","15.6","  250","  250","12.5","19.7"
"USW00024233","SEATTLE TACOMA AIRPORT, WA US","47.44467","-122.31442","112.5","2024-08-19","3.0",,"0.0","0.0","0.0","18.2","25.0","13.3","  240","  260","7.2","10.3"
"USW00024233","SEATTLE TACOMA AIRPORT, WA US","47.44467","-122.31442","112.5","2024-08-20","2.3",,"4.3","0.0","0.0","16.9","20.0","14.4","  140","  150","5.8","7.6"
"USW00024233","SEATTLE TACOMA AIRPORT, WA US","47.44467","-122.31442","112.5","2024-08-21","2.6",,"0.0","0.0","0.0","16.9","20.6","14.4","  220","  210","5.4","8.9"
"USW00024233","SEATTLE TACOMA AIRPORT, WA US","47.44467","-122.31442","112.5","2024-08-22","2.0",,"2.5","0.0","0.0","17.2","21.1","15.0","  350","  350","6.7","7.6"
"USW00024233","SEATTLE TACOMA AIRPORT, WA US","47.44467","-122.31442","112.5","2024-08-23","3.6",,"11.2","0.0","0.0","15.6","15.0","12.8","  180","  180","6.7","9.4"
"USW00024233","SEATTLE TACOMA AIRPORT, WA US","47.44467","-122.31442","112.5","2024-08-24","5.1",,"8.6","0.0","0.0","13.5","16.7","12.8","  180","  170","7.6","10.7"
"USW00024233","SEATTLE TACOMA AIRPORT, WA US","47.44467","-122.31442","112.5","2024-08-25","2.2",,"0.0","0.0","0.0","16.2","22.8","13.3","  280","  230","5.4","6.7"
"USW00024233","SEATTLE TACOMA AIRPORT, WA US","47.44467","-122.31442","112.5","2024-08-26","2.4",,"1.5","0.0","0.0","17.6","21.7","12.8","  210","  210","7.2","9.4"
"USW00024233","SEATTLE TACOMA AIRPORT, WA US","47.44467","-122.31442","112.5","2024-08-27","3.9",,"2.0","0.0","0.0","16.4","20.0","12.2","   60","   40","8.1","11.6"
"USW00024233","SEATTLE TACOMA AIRPORT, WA US","47.44467","-122.31442","112.5","2024-08-28","3.7",,"0.0","0.0","0.0","15.2","21.1","10.0","  340","  330","8.1","10.3"
"USW00024233","SEATTLE TACOMA AIRPORT, WA US","47.44467","-122.31442","112.5","2024-08-29","4.0",,"0.0","0.0","0.0","17.0","26.1","11.7","   10","   10","6.3","8.9"
"USW00024233","SEATTLE TACOMA AIRPORT, WA US","47.44467","-122.31442","112.5","2024-08-30","3.3",,"0.0","0.0","0.0","20.0","28.3","14.4","  350","   20","5.4","7.2"
"USW00024233","SEATTLE TACOMA AIRPORT, WA US","47.44467","-122.31442","112.5","2024-08-31","3.4",,"0.0","0.0","0.0","21.8","28.9","15.6","   20","   10","6.3","7.6"
"USW00024233","SEATTLE TACOMA AIRPORT, WA US","47.44467","-122.31442","112.5","2024-09-01","2.3",,"0.0","0.0","0.0","21.8","27.8","16.1","  220","  230","6.3","8.9"
"USW00024233","SEATTLE TACOMA AIRPORT, WA US","47.44467","-122.31442","112.5","2024-09-02","3.3",,"0.0","0.0","0.0","18.4","21.1","15.0","  220","  210","5.8","8.5"
"USW00024233","SEATTLE TACOMA AIRPORT, WA US","47.44467","-122.31442","112.5","2024-09-03","2.6",,"0.0","0.0","0.0","17.3","22.2","15.0","   10","  290","4.5","6.7"
"USW00024233","SEATTLE TACOMA AIRPORT, WA US","47.44467","-122.31442","112.5","2024-09-04","3.7",,"0.0","0.0","0.0","18.1","25.6","13.3","   10","   40","6.3","9.4"
"USW00024233","SEATTLE TACOMA AIRPORT, WA US","47.44467","-122.31442","112.5","2024-09-05","2.5",,"0.0","0.0","0.0","21.7","32.2","15.0","   20","   20","4.5","6.7"
"USW00024233","SEATTLE TACOMA AIRPORT, WA US","47.44467","-122.31442","112.5","2024-09-06","3.0",,"0.0","0.0","0.0","23.9","31.1","16.1","   30","  350","6.3","8.1"
"USW00024233","SEATTLE TACOMA AIRPORT, WA US","47.44467","-122.31442","112.5","2024-09-07","2.2",,"0.0","0.0","0.0","22.6","25.0","17.2","  360","  360","5.8","6.7"
"USW00024233","SEATTLE TACOMA AIRPORT, WA US","47.44467","-122.31442","112.5","2024-09-08","3.2",,"0.0","0.0","0.0","19.1","23.9","14.4","  210","  210","5.8","8.1"
"USW00024233","SEATTLE TACOMA AIRPORT, WA US","47.44467","-122.31442","112.5","2024-09-09","2.5",,"0.0","0.0","0.0","17.2","19.4","14.4","  230","  230","4.5","6.3"
"USW00024233","SEATTLE TACOMA AIRPORT, WA US","47.44467","-122.31442","112.5","2024-09-10","2.9",,"0.0","0.0","0.0","16.2","21.7","12.2","  230","  220","7.6","10.3"
"USW00024233","SEATTLE TACOMA AIRPORT, WA US","47.44467","-122.31442","112.5","2024-09-11","2.2",,"6.1","0.0","0.0","15.2","19.4","11.7","  120","  130","6.7","10.3"
"USW00024233","SEATTLE TACOMA AIRPORT, WA US","47.44467","-122.31442","112.5","2024-09-12","2.4",,"0.0","0.0","0.0","15.4","20.0","12.8","  210","  200","5.8","7.6"
"USW00024233","SEATTLE TACOMA AIRPORT, WA US","47.44467","-122.31442","112.5","2024-09-13","2.5",,"1.0","0.0","0.0","14.8","17.8","11.1","  130","   60","5.4","6.3"
"USW00024233","SEATTLE TACOMA AIRPORT, WA US","47.44467","-122.31442","112.5","2024-09-14","2.9",,"2.3","0.0","0.0","15.1","18.9","13.3","   50","   20","5.4","8.1"
"USW00024233","SEATTLE TACOMA AIRPORT, WA US","47.44467","-122.31442","112.5","2024-09-15","3.0",,"0.5","0.0","0.0","13.9","17.8","11.7","  340","  340","6.3","7.6"
"USW00024233","SEATTLE TACOMA AIRPORT, WA US","47.44467","-122.31442","112.5","2024-09-16","2.7",,"0.0","0.0","0.0","14.4","20.0","10.0","   20","   30","6.3","9.4"
"USW00024233","SEATTLE TACOMA AIRPORT, WA US","47.44467","-122.31442","112.5","2024-09-17","2.5",,"0.0","0.0","0.0","14.8","17.2","11.7","  170","  160","6.3","8.1"
"USW00024233","SEATTLE TACOMA AIRPORT, WA US","47.44467","-122.31442","112.5","2024-09-18","2.5",,"0.0","0.0","0.0","15.6","21.1","12.8","  300","  290","6.3","8.1"
"USW00024233","SEATTLE TACOMA AIRPORT, WA US","47.44467","-122.31442","112.5","2024-09-19","2.0",,"0.0","0.0","0.0","15.3","20.0","11.1","  240","  230","4.5","7.2"
"USW00024233","SEATTLE TACOMA AIRPORT, WA US","47.44467","-122.31442","112.5","2024-09-20","2.2",,"0.5","0.0","0.0","14.2","17.8","11.7","  260","  200","4.0","6.3"
"USW00024233","SEATTLE TACOMA AIRPORT, WA US","47.44467","-122.31442","112.5","2024-09-21","1.9",,"0.0","0.0","0.0","14.4","21.1","8.3","  310","  310","5.4","6.3"
"USW00024233","SEATTLE TACOMA AIRPORT, WA US","47.44467","-122.31442","112.5","2024-09-22","1.8",,"0.0","0.0","0.0","15.8","21.1","10.6","  210","  200","5.4","6.7"
"USW00024233","SEATTLE TACOMA AIRPORT, WA US","47.44467","-122.31442","112.5","2024-09-23","2.5",,"0.0","0.0","0.0","18.2","22.8","15.6","  200","  200","5.4","8.5"
"USW00024233","SEATTLE TACOMA AIRPORT, WA US","47.44467","-122.31442","112.5","2024-09-24","2.0",,"0.0","0.0","0.0","18.4","25.6","14.4","   30","   30","4.0","5.8"
"USW00024233","SEATTLE TACOMA AIRPORT, WA US","47.44467","-122.31442","112.5","2024-09-25","4.3",,"2.5","0.0","0.0","18.0","18.3","12.8","  220","  200","8.9","13.0"
"USW00024233","SEATTLE TACOMA AIRPORT, WA US","47.44467","-122.31442","112.5","2024-09-26","3.4"," 1827","2.0","0.0","0.0","14.1","20.0","10.6","  230","  230","6.7","9.4"
"USW00024233","SEATTLE TACOMA AIRPORT, WA US","47.44467","-122.31442","112.5","2024-09-27","4.6"," 2213","0.8","0.0","0.0","15.3","18.9","11.1","   30","   40","8.1","10.7"
"USW00024233","SEATTLE TACOMA AIRPORT, WA US","47.44467","-122.31442","112.5","2024-09-28","3.2"," 0557","0.0","0.0","0.0","12.9","16.7","9.4","   10","  360","7.6","10.3"
"USW00024233","SEATTLE TACOMA AIRPORT, WA US","47.44467","-122.31442","112.5","2024-09-29","3.0"," 2345","0.0","0.0","0.0","12.5","17.2","9.4","   50","   50","5.8","7.2"
"USW00024233","SEATTLE TACOMA AIRPORT, WA US","47.44467","-122.31442","112.5","2024-09-30","3.3"," 1128","0.0","0.0","0.0","13.2","19.4","8.9","   30","   20","5.8","8.9"
"USW00024233","SEATTLE TACOMA AIRPORT, WA US","47.44467","-122.31442","112.5","2024-10-01","2.7",,"0.0","0.0","0.0","13.2","20.0","7.8","  360","  360","8.1","9.8"
"USW00024233","SEATTLE TACOMA AIRPORT, WA US","47.44467","-122.31442","112.5","2024-10-02","3.6",,"0.0","0.0","0.0","13.9","17.2","10.0","   20","   50","6.7","9.4"
"USW00024233","SEATTLE TACOMA AIRPORT, WA US","47.44467","-122.31442","112.5","2024-10-03","3.1",,"0.0","0.0","0.0","12.3","18.9","6.7","   30","  290","6.7","8.1"
"USW00024233","SEATTLE TACOMA AIRPORT, WA US","47.44467","-122.31442","112.5","2024-10-04","4.3",,"10.7","0.0","0.0","12.3","16.1","8.9","  200","  210","11.6","15.7"
"USW00024233","SEATTLE TACOMA AIRPORT, WA US","47.44467","-122.31442","112.5","2024-10-05","3.1",,"0.0","0.0","0.0","12.7","17.8","9.4","   10","   10","6.3","8.5"
"USW00024233","SEATTLE TACOMA AIRPORT, WA US","47.44467","-122.31442","112.5","2024-10-06","2.3",,"0.0","0.0","0.0","12.5","19.4","7.8","  350","  360","5.4","7.6"
"USW00024233","SEATTLE TACOMA AIRPORT, WA US","47.44467","-122.31442","112.5","2024-10-07","1.7",,"0.0","0.0","0.0","15.2","23.9","9.4","  210","  100","4.0","6.3"
"USW00024233","SEATTLE TACOMA AIRPORT, WA US","47.44467","-122.31442","112.5","2024-10-08","3.7",,"9.1","0.0","0.0","16.7","18.9","12.2","  180","  140","8.9","11.2"
"USW00024233","SEATTLE TACOMA AIRPORT, WA US","47.44467","-122.31442","112.5","2024-10-09","2.6",,"0.0","0.0","0.0","14.5","16.1","11.7","   20","   40","6.7","7.6"
"USW00024233","SEATTLE TACOMA AIRPORT, WA US","47.44467","-122.31442","112.5","2024-10-10","4.0",,"0.0","0.0","0.0","12.1","15.0","8.3","   20","   10","7.6","8.9"
"USW00024233","SEATTLE TACOMA AIRPORT, WA US","47.44467","-122.31442","112.5","2024-10-11","1.9",,"0.0","0.0","0.0","10.6","14.4","8.3","  360","   10","4.5","6.3"
"USW00024233","SEATTLE TACOMA AIRPORT, WA US","47.44467","-122.31442","112.5","2024-10-12","1.4",,"0.0","0.0","0.0","11.5","18.9","7.2","  310","   70","4.0","6.7"
"USW00024233","SEATTLE TACOMA AIRPORT, WA US","47.44467","-122.31442","112.5","2024-10-13","2.6",,"0.0","0.0","0.0","15.1","22.2","10.0","  130","  140","5.8","7.2"
"USW00024233","SEATTLE TACOMA AIRPORT, WA US","47.44467","-122.31442","112.5","2024-10-14","2.6",,"0.5","0.0","0.0","16.1","18.9","12.8","  220","  220","6.3","9.4"
"USW00024233","SEATTLE TACOMA AIRPORT, WA US","47.44467","-122.31442","112.5","2024-10-15","3.0",,"0.8","0.0","0.0","13.6","15.0","10.6","  190","  210","5.8","8.1"
"USW00024233","SEATTLE TACOMA AIRPORT, WA US","47.44467","-122.31442","112.5","2024-10-16","5.5",,"1.0","0.0","0.0","12.8","16.1","8.3","  230","  250","9.8","15.2"
"USW00024233","SEATTLE TACOMA AIRPORT, WA US","47.44467","-122.31442","112.5","2024-10-17","2.7",,"1.3","0.0","0.0","9.4","12.8","7.2","  340","  330","7.2","8.5"
"USW00024233","SEATTLE TACOMA AIRPORT, WA US","47.44467","-122.31442","112.5","2024-10-18","3.6",,"1.8","0.0","0.0","8.9","11.7","6.7","  180","   80","7.6","11.2"
"USW00024233","SEATTLE TACOMA AIRPORT, WA US","47.44467","-122.31442","112.5","2024-10-19","6.4",,"3.3","0.0","0.0","13.9","18.3","11.1","  190","  210","10.7","16.1"
"USW00024233","SEATTLE TACOMA AIRPORT, WA US","47.44467","-122.31442","112.5","2024-10-20","4.4",,"0.8","0.0","0.0","15.9","18.9","10.0","  200","  190","11.6","19.2"
"USW00024233","SEATTLE TACOMA AIRPORT, WA US","47.44467","-122.31442","112.5","2024-10-21","3.0",,"5.1","0.0","0.0","11.1","12.2","8.9","  180","  170","8.1","9.8"
"USW00024233","SEATTLE TACOMA AIRPORT, WA US","47.44467","-122.31442","112.5","2024-10-22","3.2",,"0.0","0.0","0.0","10.1","13.9","6.7","  190","  180","6.7","8.9"
"USW00024233","SEATTLE TACOMA AIRPORT, WA US","47.44467","-122.31442","112.5","2024-10-23","1.9",,"0.0","0.0","0.0","8.6","11.7","6.1","  130","  160","5.4","8.5"
"USW00024233","SEATTLE TACOMA AIRPORT, WA US","47.44467","-122.31442","112.5","2024-10-24","3.4",,"0.0","0.0","0.0","9.0","12.8","7.2","   20","   20","7.2","9.8"
"USW00024233","SEATTLE TACOMA AIRPORT, WA US","47.44467","-122.31442","112.5","2024-10-25","4.0",,"0.5","0.0","0.0","9.2","15.0","6.1","  120","  120","8.1","12.1"
"USW00024233","SEATTLE TACOMA AIRPORT, WA US","47.44467","-122.31442","112.5","2024-10-26","4.4",,"9.7","0.0","0.0","13.3","16.1","11.7","  190","  170","12.5","15.7"
"USW00024233","SEATTLE TACOMA AIRPORT, WA US","47.44467","-122.31442","112.5","2024-10-27","6.1",,"17.3","0.0","0.0","12.2","13.9","8.3","  250","  240","10.3","16.1"
"USW00024233","SEATTLE TACOMA AIRPORT, WA US","47.44467","-122.31442","112.5","2024-10-28","5.6",,"0.3","0.0","0.0","9.8","12.8","8.3","  200","  210","9.4","12.1"
"USW00024233","SEATTLE TACOMA AIRPORT, WA US","47.44467","-122.31442","112.5","2024-10-29","3.1",,"0.0","0.0","0.0","9.7","12.2","6.7","  230","  230","6.7","8.1"
"USW00024233","SEATTLE TACOMA AIRPORT, WA US","47.44467","-122.31442","112.5","2024-10-30","3.5",,"5.8","0.0","0.0","8.2","10.6","5.6","  140","  140","8.9","14.8"
"USW00024233","SEATTLE TACOMA AIRPORT, WA US","47.44467","-122.31442","112.5","2024-10-31","2.7",,"9.4","0.0","0.0","7.3","10.6","5.0","  120","  100","6.7","11.2"
"USW00024233","SEATTLE TACOMA AIRPORT, WA US","47.44467","-122.31442","112.5","2024-11-01","4.4",,"15.0","0.0","0.0","8.1","10.6","7.2","  120","  120","7.6","11.6"
"USW00024233","SEATTLE TACOMA AIRPORT, WA US","47.44467","-122.31442","112.5","2024-11-02","3.6",,"3.6","0.0","0.0","9.6","11.7","7.2","  270","  270","9.4","13.9"
"USW00024233","SEATTLE TACOMA AIRPORT, WA US","47.44467","-122.31442","112.5","2024-11-03","2.4",,"0.3","0.0","0.0","8.5","11.1","7.2","  200","  200","6.7","8.9"
"USW00024233","SEATTLE TACOMA AIRPORT, WA US","47.44467","-122.31442","112.5","2024-11-04","6.2",,"7.6","0.0","0.0","9.9","12.8","6.7","  230","  240","12.5","18.3"
"USW00024233","SEATTLE TACOMA AIRPORT, WA US","47.44467","-122.31442","112.5","2024-11-05","2.8",,"0.0","0.0","0.0","8.4","11.7","5.6","   20","   40","6.3","8.1"
"USW00024233","SEATTLE TACOMA AIRPORT, WA US","47.44467","-122.31442","112.5","2024-11-06","1.6",,"0.0","0.0","0.0","8.1","12.8","5.0","  350","  110","4.0","5.8"
"USW00024233","SEATTLE TACOMA AIRPORT, WA US","47.44467","-122.31442","112.5","2024-11-07","1.6",,"0.0","0.0","0.0","8.1","15.0","3.3","  140","  140","4.5","5.8"
"USW00024233","SEATTLE TACOMA AIRPORT, WA US","47.44467","-122.31442","112.5","2024-11-08","3.1",,"0.0","0.0","0.0","11.3","16.1","7.2","  150","  150","6.3","8.1"
"USW00024233","SEATTLE TACOMA AIRPORT, WA US","47.44467","-122.31442","112.5","2024-11-09","1.6",,"1.5","0.0","0.0","10.8","11.7","8.3","  170","  190","4.5","6.3"
"USW00024233","SEATTLE TACOMA AIRPORT, WA US","47.44467","-122.31442","112.5","2024-11-10","2.5",,"8.4","0.0","0.0","9.9","12.8","8.9","  120","  120","8.1","11.2"
"USW00024233","SEATTLE TACOMA AIRPORT, WA US","47.44467","-122.31442","112.5","2024-11-11","5.4",,"18.5","0.0","0.0","10.4","11.1","8.3","  210","  220","9.4","13.9"
"USW00024233","SEATTLE TACOMA AIRPORT, WA US","47.44467","-122.31442","112.5","2024-11-12","5.3",,"3.0","0.0","0.0","9.2","11.7","8.3","  180","  180","9.8","13.4"
"USW00024233","SEATTLE TACOMA AIRPORT, WA US","47.44467","-122.31442","112.5","2024-11-13","4.8",,"11.9","0.0","0.0","10.7","12.8","8.9","  190","  200","9.8","14.8"
"USW00024233","SEATTLE TACOMA AIRPORT, WA US","47.44467","-122.31442","112.5","2024-11-14","5.1",,"5.8","0.0","0.0","9.3","10.0","6.1","  190","  170","10.7","15.2"
"USW00024233","SEATTLE TACOMA AIRPORT, WA US","47.44467","-122.31442","112.5","2024-11-15","1.7",,"1.5","0.0","0.0","6.6","8.9","2.8","  280","  150","4.0","6.3"
"USW00024233","SEATTLE TACOMA AIRPORT, WA US","47.44467","-122.31442","112.5","2024-11-16","3.6",,"5.6","0.0","0.0","4.6","7.8","2.2","  150","  140","7.6","10.3"
"USW00024233","SEATTLE TACOMA AIRPORT, WA US","47.44467","-122.31442","112.5","2024-11-17","7.1",,"0.8","0.0","0.0","7.7","9.4","4.4","  200","  220","10.7","16.1"
"USW00024233","SEATTLE TACOMA AIRPORT, WA US","47.44467","-122.31442","112.5","2024-11-18","4.9",,"1.8","0.0","0.0","5.3","6.1","3.9","  210","  200","9.4","14.3"
"USW00024233","SEATTLE TACOMA AIRPORT, WA US","47.44467","-122.31442","112.5","2024-11-19","6.7",,"6.9","0.0","0.0","4.6","8.9","2.2","  120","  120","17.9","25.9"
"USW00024233","SEATTLE TACOMA AIRPORT, WA US","47.44467","-122.31442","112.5","2024-11-20","4.7",,"2.5","0.0","0.0","8.1","12.8","5.6","  120","  120","11.2","16.1"
"USW00024233","SEATTLE TACOMA AIRPORT, WA US","47.44467","-122.31442","112.5","2024-11-21","2.5",,"0.3","0.0","0.0","7.9","10.0","5.0","   60","   60","4.5","6.3"
"USW00024233","SEATTLE TACOMA AIRPORT, WA US","47.44467","-122.31442","112.5","2024-11-22","5.8",,"8.1","0.0","0.0","8.8","15.0","6.1","  210","  180","11.6","17.4"
"USW00024233","SEATTLE TACOMA AIRPORT, WA US","47.44467","-122.31442","112.5","2024-11-23","3.8",,"0.0","0.0","0.0","8.4","10.0","5.0","  200","  210","7.2","9.8"
"USW00024233","SEATTLE TACOMA AIRPORT, WA US","47.44467","-122.31442","112.5","2024-11-24","3.3",,"6.6","0.0","0.0","6.7","7.8","5.6","   60","   50","5.8","10.3"
"USW00024233","SEATTLE TACOMA AIRPORT, WA US","47.44467","-122.31442","112.5","2024-11-25","2.1",,"12.4","0.0","0.0","7.1","8.9","6.1","   10","   20","5.4","5.8"
"USW00024233","SEATTLE TACOMA AIRPORT, WA US","47.44467","-122.31442","112.5","2024-11-26","2.1",,"0.0","0.0","0.0","6.7","7.2","5.0","   20","   20","5.4","6.3"
"USW00024233","SEATTLE TACOMA AIRPORT, WA US","47.44467","-122.31442","112.5","2024-11-27","1.4",,"1.3","0.0","0.0","6.1","7.2","2.8","  230","  290","4.0","6.7"
"USW00024233","SEATTLE TACOMA AIRPORT, WA US","47.44467","-122.31442","112.5","2024-11-28","1.5",,"0.0","0.0","0.0","3.6","6.1","0.0","   20","   30","4.5","6.7"
"USW00024233","SEATTLE TACOMA AIRPORT, WA US","47.44467","-122.31442","112.5","2024-11-29","2.2",,"0.0","0.0","0.0","2.8","6.1","1.1","  150","  160","4.5","6.3"
"USW00024233","SEATTLE TACOMA AIRPORT, WA US","47.44467","-122.31442","112.5","2024-11-30","2.0",,"0.0","0.0","0.0","3.4","6.7","1.1","  140","  150","4.5","5.8"
"USW00024233","SEATTLE TACOMA AIRPORT, WA US","47.44467","-122.31442","112.5","2024-12-01","2.4",,"0.0","0.0","0.0","4.4","8.9","0.6","   40","   30","5.8","7.6"
"USW00024233","SEATTLE TACOMA AIRPORT, WA US","47.44467","-122.31442","112.5","2024-12-02","1.7"," 1008","0.0","0.0","0.0","2.6","13.3","-1.0","   20","   70","4.0","6.7"
"USW00024233","SEATTLE TACOMA AIRPORT, WA US","47.44467","-122.31442","112.5","2024-12-03","2.1"," 0631","0.0","0.0","0.0","2.2","6.1","-2.1","   40","   30","4.5","6.3"
"USW00024233","SEATTLE TACOMA AIRPORT, WA US","47.44467","-122.31442","112.5","2024-12-04","1.7"," 2012","0.0","0.0","0.0","0.0","3.3","-1.6","  150","  150","6.3","9.4"
"USW00024233","SEATTLE TACOMA AIRPORT, WA US","47.44467","-122.31442","112.5","2024-12-05","1.9"," 1846","0.0","0.0","0.0","2.7","10.6","-1.0","  120","  130","5.4","7.2"
"USW00024233","SEATTLE TACOMA AIRPORT, WA US","47.44467","-122.31442","112.5","2024-12-06","2.2"," 1838","0.0","0.0","0.0","6.6","9.4","2.8","  150","  160","6.3","8.5"
"USW00024233","SEATTLE TACOMA AIRPORT, WA US","47.44467","-122.31442","112.5","2024-12-07","5.7"," 1530","14.0","0.0","0.0","9.1","10.6","6.7","  210","  200","11.2","16.1"
"USW00024233","SEATTLE TACOMA AIRPORT, WA US","47.44467","-122.31442","112.5","2024-12-08","3.8"," 0222","1.0","0.0","0.0","7.3","8.3","5.6","  200","  190","8.9","13.0"
"USW00024233","SEATTLE TACOMA AIRPORT, WA US","47.44467","-122.31442","112.5","2024-12-09","2.5"," 1434","0.0","0.0","0.0","6.4","8.9","2.2","   30","  340","5.4","6.7"
"USW00024233","SEATTLE TACOMA AIRPORT, WA US","47.44467","-122.31442","112.5","2024-12-10","2.5"," 1815","0.0","0.0","0.0","3.5","6.7","0.0","   20","   20","6.3","7.6"
"USW00024233","SEATTLE TACOMA AIRPORT, WA US","47.44467","-122.31442","112.5","2024-12-11","1.8"," 2002","0.0","0.0","0.0","4.3","11.1","2.2","   90","   70","5.4","7.6"
"USW00024233","SEATTLE TACOMA AIRPORT, WA US","47.44467","-122.31442","112.5","2024-12-12","2.6"," 0628","0.8","0.0","0.0","6.0","7.8","2.2","  110","  120","5.8","7.6"
"USW00024233","SEATTLE TACOMA AIRPORT, WA US","47.44467","-122.31442","112.5","2024-12-13","4.3"," 1720","13.2","0.0","0.0","6.0","7.8","5.0","  120","  130","9.4","12.1"
"USW00024233","SEATTLE TACOMA AIRPORT, WA US","47.44467","-122.31442","112.5","2024-12-14","7.6"," 1152","3.0","0.0","0.0","7.7","10.0","3.9","  190","  190","16.1","21.0"
"USW00024233","SEATTLE TACOMA AIRPORT, WA US","47.44467","-122.31442","112.5","2024-12-15","4.5"," 0108","0.0","0.0","0.0","5.7","8.3","3.9","  200","  200","9.8","13.0"
"USW00024233","SEATTLE TACOMA AIRPORT, WA US","47.44467","-122.31442","112.5","2024-12-16","3.2"," 1057","5.8","0.0","0.0","6.1","9.4","3.9","  120","  120","6.7","8.9"
"USW00024233","SEATTLE TACOMA AIRPORT, WA US","47.44467","-122.31442","112.5","2024-12-17","4.4"," 1117","22.4","0.0","0.0","6.4","13.3","5.6","  180","   70","7.2","11.6"
"USW00024233","SEATTLE TACOMA AIRPORT, WA US","47.44467","-122.31442","112.5","2024-12-18","6.3"," 0511","8.4","0.0","0.0","9.9","12.8","7.8","  210","  220","15.7","25.0"
"USW00024233","SEATTLE TACOMA AIRPORT, WA US","47.44467","-122.31442","112.5","2024-12-19","2.0"," 0850","5.3","0.0","0.0","9.2","12.8","6.7","  170","   90","6.7","9.8"
"USW00024233","SEATTLE TACOMA AIRPORT, WA US","47.44467","-122.31442","112.5","2024-12-20","2.6"," 1207","0.0","0.0","0.0","10.6","15.0","7.2","  240","  270","6.7","10.3"
"USW00024233","SEATTLE TACOMA AIRPORT, WA US","47.44467","-122.31442","112.5","2024-12-21","4.0"," 1435","7.9","0.0","0.0","10.1","14.4","6.7","  230","  200","9.8","12.5"
"USW00024233","SEATTLE TACOMA AIRPORT, WA US","47.44467","-122.31442","112.5","2024-12-22","4.7"," 2322","7.6","0.0","0.0","7.8","11.7","6.1","  190","  170","8.1","11.2"
"USW00024233","SEATTLE TACOMA AIRPORT, WA US","47.44467","-122.31442","112.5","2024-12-23","4.7"," 1936","2.0","0.0","0.0","9.4","12.8","7.2","  120","  110","11.6","17.4"
"USW00024233","SEATTLE TACOMA AIRPORT, WA US","47.44467","-122.31442","112.5","2024-12-24","5.0"," 1309","0.8","0.0","0.0","10.1","10.6","4.4","  220","  240","8.9","12.1"
"USW00024233","SEATTLE TACOMA AIRPORT, WA US","47.44467","-122.31442","112.5","2024-12-25","4.6"," 2135","21.8","0.0","0.0","6.0","7.2","3.3","  120","   80","8.1","13.4"
"USW00024233","SEATTLE TACOMA AIRPORT, WA US","47.44467","-122.31442","112.5","2024-12-26","6.7"," 0809","4.1","0.0","0.0","7.5","10.6","6.1","  210","  220","13.9","21.9"
"USW00024233","SEATTLE TACOMA AIRPORT, WA US","47.44467","-122.31442","112.5","2024-12-27","3.4"," 1335","14.0",,,"7.3","8.9","6.1","  220","  220","8.9","12.1"
"USW00024233","SEATTLE TACOMA AIRPORT, WA US","47.44467","-122.31442","112.5","2024-12-28","6.7"," 1426","4.6",,,"8.4","10.0","7.2","  220","  220","10.3","15.2"
"USW00024233","SEATTLE TACOMA AIRPORT, WA US","47.44467","-122.31442","112.5","2024-12-29","3.5"," 1417","2.8",,,"7.4","8.3","3.9","  230","  240","8.1","12.5"
"USW00024233","SEATTLE TACOMA AIRPORT, WA US","47.44467","-122.31442","112.5","2024-12-30","4.7"," 1211","0.3","0.0","0.0","5.6","7.2","3.9","  200","  190","8.1","11.2"
"USW00024233","SEATTLE TACOMA AIRPORT, WA US","47.44467","-122.31442","112.5","2024-12-31",,,"0.0","0.0","0.0","5.1","7.2","1.7",,,,
